--
-- PostgreSQL database dump
--

INSERT INTO t_association VALUES ('urn:uuid:12c1a33a-8f52-4017-ae64-0284044f94c7', '', 'urn:uuid:12c1a33a-8f52-4017-ae64-0284044f94c7', 'urn:oasis:names:tc:ebxml-regrep:ObjectType:RegistryObject:Association', 'Submitted', '', '', 'urn:oasis:names:tc:ebxml-regrep:AssociationType:HasMember', 'urn:x-ogc:specification:csw-ebrim:package:EOProducts', 'urn:x-ogc:specification:csw-ebrim:ObjectType:EO:EOProduct');
INSERT INTO t_association VALUES ('urn:uuid:9a691518-a095-423e-940c-e02590cd24f6', '', 'urn:uuid:9a691518-a095-423e-940c-e02590cd24f6', 'urn:oasis:names:tc:ebxml-regrep:ObjectType:RegistryObject:Association', 'Submitted', '', '', 'urn:oasis:names:tc:ebxml-regrep:AssociationType:HasMember', 'urn:x-ogc:specification:csw-ebrim:package:EOProducts', 'urn:x-ogc:specification:csw-ebrim:ObjectType:EO:EOAcquisitionPlatform');
INSERT INTO t_association VALUES ('urn:uuid:5722a7eb-8a3b-44e7-a26b-0fb94b7043b4', '', 'urn:uuid:5722a7eb-8a3b-44e7-a26b-0fb94b7043b4', 'urn:oasis:names:tc:ebxml-regrep:ObjectType:RegistryObject:Association', 'Submitted', '', '', 'urn:oasis:names:tc:ebxml-regrep:AssociationType:HasMember', 'urn:x-ogc:specification:csw-ebrim:package:EOProducts', 'urn:x-ogc:specification:csw-ebrim:ObjectType:EO:EOProductInformation');
INSERT INTO t_association VALUES ('urn:uuid:c4e166f4-658a-48b2-9d03-794c68ed6582', '', 'urn:uuid:c4e166f4-658a-48b2-9d03-794c68ed6582', 'urn:oasis:names:tc:ebxml-regrep:ObjectType:RegistryObject:Association', 'Submitted', '', '', 'urn:oasis:names:tc:ebxml-regrep:AssociationType:HasMember', 'urn:x-ogc:specification:csw-ebrim:package:EOProducts', 'urn:x-ogc:specification:csw-ebrim:ObjectType:EO:EOMaskInformation');
INSERT INTO t_association VALUES ('urn:uuid:53e0147c-ad3a-49ee-92a5-d7d1ac04069a', '', 'urn:uuid:53e0147c-ad3a-49ee-92a5-d7d1ac04069a', 'urn:oasis:names:tc:ebxml-regrep:ObjectType:RegistryObject:Association', 'Submitted', '', '', 'urn:oasis:names:tc:ebxml-regrep:AssociationType:HasMember', 'urn:x-ogc:specification:csw-ebrim:package:EOProducts', 'urn:x-ogc:specification:csw-ebrim:ObjectType:EO:EOBrowseInformation');
INSERT INTO t_association VALUES ('urn:uuid:6d602d7d-763e-452e-95ba-cccea9d95b8f', '', 'urn:uuid:6d602d7d-763e-452e-95ba-cccea9d95b8f', 'urn:oasis:names:tc:ebxml-regrep:ObjectType:RegistryObject:Association', 'Submitted', '', '', 'urn:oasis:names:tc:ebxml-regrep:AssociationType:HasMember', 'urn:x-ogc:specification:csw-ebrim:package:EOProducts', 'urn:x-ogc:specification:csw-ebrim:ObjectType:EO:EOArchivingInformation');
INSERT INTO t_association VALUES ('urn:uuid:c9ebda81-95af-48cd-8564-54b4a5b36b2d', '', 'urn:uuid:c9ebda81-95af-48cd-8564-54b4a5b36b2d', 'urn:oasis:names:tc:ebxml-regrep:ObjectType:RegistryObject:Association', 'Submitted', '', '', 'urn:oasis:names:tc:ebxml-regrep:AssociationType:HasMember', 'urn:x-ogc:specification:csw-ebrim:package:EOProducts', 'urn:x-ogc:specification:csw-ebrim:ObjectType:EO:EODataLayer');
INSERT INTO t_association VALUES ('urn:uuid:c9989390-9ae3-48c3-8d5e-a66c02fc63c4', '', 'urn:uuid:c9989390-9ae3-48c3-8d5e-a66c02fc63c4', 'urn:oasis:names:tc:ebxml-regrep:ObjectType:RegistryObject:Association', 'Submitted', '', '', 'urn:oasis:names:tc:ebxml-regrep:AssociationType:HasMember', 'urn:x-ogc:specification:csw-ebrim:package:EOProducts', 'urn:x-ogc:specification:csw-ebrim:AssociationType:EO:AcquiredBy');
INSERT INTO t_association VALUES ('urn:uuid:9223cb57-11d5-465a-8c75-82b8ba4d877c', '', 'urn:uuid:9223cb57-11d5-465a-8c75-82b8ba4d877c', 'urn:oasis:names:tc:ebxml-regrep:ObjectType:RegistryObject:Association', 'Submitted', '', '', 'urn:oasis:names:tc:ebxml-regrep:AssociationType:HasMember', 'urn:x-ogc:specification:csw-ebrim:package:EOProducts', 'urn:x-ogc:specification:csw-ebrim:AssociationType:EO:HasProductInformation');
INSERT INTO t_association VALUES ('urn:uuid:f161ad88-d86f-4771-a945-a1bf7a7520a8', '', 'urn:uuid:f161ad88-d86f-4771-a945-a1bf7a7520a8', 'urn:oasis:names:tc:ebxml-regrep:ObjectType:RegistryObject:Association', 'Submitted', '', '', 'urn:oasis:names:tc:ebxml-regrep:AssociationType:HasMember', 'urn:x-ogc:specification:csw-ebrim:package:EOProducts', 'urn:x-ogc:specification:csw-ebrim:AssociationType:EO:HasMaskInformation');
INSERT INTO t_association VALUES ('urn:uuid:b3356484-d85b-4fee-8ffe-fdf03435d531', '', 'urn:uuid:b3356484-d85b-4fee-8ffe-fdf03435d531', 'urn:oasis:names:tc:ebxml-regrep:ObjectType:RegistryObject:Association', 'Submitted', '', '', 'urn:oasis:names:tc:ebxml-regrep:AssociationType:HasMember', 'urn:x-ogc:specification:csw-ebrim:package:EOProducts', 'urn:x-ogc:specification:csw-ebrim:AssociationType:EO:HasBrowseInformation');
INSERT INTO t_association VALUES ('urn:uuid:e3b3eae8-5ca2-43f3-b354-34179d70ceca', '', 'urn:uuid:e3b3eae8-5ca2-43f3-b354-34179d70ceca', 'urn:oasis:names:tc:ebxml-regrep:ObjectType:RegistryObject:Association', 'Submitted', '', '', 'urn:oasis:names:tc:ebxml-regrep:AssociationType:HasMember', 'urn:x-ogc:specification:csw-ebrim:package:EOProducts', 'urn:x-ogc:specification:csw-ebrim:AssociationType:EO:ArchivedIn');
INSERT INTO t_association VALUES ('urn:uuid:6e92445f-32f4-4190-8301-28f2e6e80a73', '', 'urn:uuid:6e92445f-32f4-4190-8301-28f2e6e80a73', 'urn:oasis:names:tc:ebxml-regrep:ObjectType:RegistryObject:Association', 'Submitted', '', '', 'urn:oasis:names:tc:ebxml-regrep:AssociationType:HasMember', 'urn:x-ogc:specification:csw-ebrim:package:EOProducts', 'urn:x-ogc:specification:csw-ebrim:AssociationType:EO:HasDataLayer');
INSERT INTO t_association VALUES ('urn:uuid:26ef41d5-22c5-4176-a174-e7c049ba2914', '', 'urn:uuid:26ef41d5-22c5-4176-a174-e7c049ba2914', 'urn:oasis:names:tc:ebxml-regrep:ObjectType:RegistryObject:Association', 'Submitted', '', '', 'urn:oasis:names:tc:ebxml-regrep:AssociationType:HasMember', 'urn:x-ogc:specification:csw-ebrim:package:EOProducts', 'urn:uuid:ergo:asso:AcquiredBy');
INSERT INTO t_association VALUES ('urn:uuid:e0313261-abc6-4d79-9484-c118f7da8f85', '', 'urn:uuid:e0313261-abc6-4d79-9484-c118f7da8f85', 'urn:oasis:names:tc:ebxml-regrep:ObjectType:RegistryObject:Association', 'Submitted', '', '', 'urn:oasis:names:tc:ebxml-regrep:AssociationType:HasMember', 'urn:x-ogc:specification:csw-ebrim:package:EOProducts', 'urn:uuid:ergo:asso:HasProductInformation');
INSERT INTO t_association VALUES ('urn:uuid:1b79bb8f-d94f-4451-8b5b-026f9032cf21', '', 'urn:uuid:1b79bb8f-d94f-4451-8b5b-026f9032cf21', 'urn:oasis:names:tc:ebxml-regrep:ObjectType:RegistryObject:Association', 'Submitted', '', '', 'urn:oasis:names:tc:ebxml-regrep:AssociationType:HasMember', 'urn:x-ogc:specification:csw-ebrim:package:EOProducts', 'urn:uuid:ergo:asso:HasMaskInformation');
INSERT INTO t_association VALUES ('urn:uuid:2696eb20-38fb-4b10-8ca7-b2ecf92a78bb', '', 'urn:uuid:2696eb20-38fb-4b10-8ca7-b2ecf92a78bb', 'urn:oasis:names:tc:ebxml-regrep:ObjectType:RegistryObject:Association', 'Submitted', '', '', 'urn:oasis:names:tc:ebxml-regrep:AssociationType:HasMember', 'urn:x-ogc:specification:csw-ebrim:package:EOProducts', 'urn:uuid:ergo:asso:HasBrowseInformation');
INSERT INTO t_association VALUES ('urn:uuid:5fe26276-2506-4c71-8108-bed0880ebbd6', '', 'urn:uuid:5fe26276-2506-4c71-8108-bed0880ebbd6', 'urn:oasis:names:tc:ebxml-regrep:ObjectType:RegistryObject:Association', 'Submitted', '', '', 'urn:oasis:names:tc:ebxml-regrep:AssociationType:HasMember', 'urn:x-ogc:specification:csw-ebrim:package:EOProducts', 'urn:uuid:ergo:asso:ArchivedIn');
INSERT INTO t_association VALUES ('urn:uuid:0427f148-2d86-4c4c-8fce-81c7294419f8', '', 'urn:uuid:0427f148-2d86-4c4c-8fce-81c7294419f8', 'urn:oasis:names:tc:ebxml-regrep:ObjectType:RegistryObject:Association', 'Submitted', '', '', 'urn:oasis:names:tc:ebxml-regrep:AssociationType:HasMember', 'urn:x-ogc:specification:csw-ebrim:package:EOProducts', 'urn:uuid:ergo:asso:HasDataLayer');
INSERT INTO t_association VALUES ('urn:uuid:d979a307-594c-4770-a06c-7852b17ee795', '', 'urn:uuid:d979a307-594c-4770-a06c-7852b17ee795', 'urn:oasis:names:tc:ebxml-regrep:ObjectType:RegistryObject:Association', 'Submitted', '', '', 'urn:oasis:names:tc:ebxml-regrep:AssociationType:HasMember', 'urn:x-ogc:specification:csw-ebrim:package:EOProducts', 'urn:x-ogc:specification:csw-ebrim:EO:EOProductTypes');
INSERT INTO t_association VALUES ('urn:uuid:ergo:asso:AcquiredBy', '', 'urn:uuid:ergo:asso:AcquiredBy', 'urn:oasis:names:tc:ebxml-regrep:ObjectType:RegistryObject:Association', 'Submitted', '', '', 'urn:x-ogc:specification:csw-ebrim:AssociationType:EO:AcquiredBy', 'urn:x-ogc:specification:csw-ebrim:ObjectType:EO:EOProduct', 'urn:x-ogc:specification:csw-ebrim:ObjectType:EO:EOAcquisitionPlatform');
INSERT INTO t_association VALUES ('urn:uuid:ergo:asso:HasProductInformation', '', 'urn:uuid:ergo:asso:HasProductInformation', 'urn:oasis:names:tc:ebxml-regrep:ObjectType:RegistryObject:Association', 'Submitted', '', '', 'urn:x-ogc:specification:csw-ebrim:AssociationType:EO:HasProductInformation', 'urn:x-ogc:specification:csw-ebrim:ObjectType:EO:EOProduct', 'urn:x-ogc:specification:csw-ebrim:ObjectType:EO:EOProductInformation');
INSERT INTO t_association VALUES ('urn:uuid:ergo:asso:HasMaskInformation', '', 'urn:uuid:ergo:asso:HasMaskInformation', 'urn:oasis:names:tc:ebxml-regrep:ObjectType:RegistryObject:Association', 'Submitted', '', '', 'urn:x-ogc:specification:csw-ebrim:AssociationType:EO:HasMaskInformation', 'urn:x-ogc:specification:csw-ebrim:ObjectType:EO:EOProduct', 'urn:x-ogc:specification:csw-ebrim:ObjectType:EO:EOMaskInformation');
INSERT INTO t_association VALUES ('urn:uuid:ergo:asso:HasBrowseInformation', '', 'urn:uuid:ergo:asso:HasBrowseInformation', 'urn:oasis:names:tc:ebxml-regrep:ObjectType:RegistryObject:Association', 'Submitted', '', '', 'urn:x-ogc:specification:csw-ebrim:AssociationType:EO:HasBrowseInformation', 'urn:x-ogc:specification:csw-ebrim:ObjectType:EO:EOProduct', 'urn:x-ogc:specification:csw-ebrim:ObjectType:EO:EOBrowseInformation');
INSERT INTO t_association VALUES ('urn:uuid:ergo:asso:ArchivedIn', '', 'urn:uuid:ergo:asso:ArchivedIn', 'urn:oasis:names:tc:ebxml-regrep:ObjectType:RegistryObject:Association', 'Submitted', '', '', 'urn:x-ogc:specification:csw-ebrim:AssociationType:EO:ArchivedIn', 'urn:x-ogc:specification:csw-ebrim:ObjectType:EO:EOProduct', 'urn:x-ogc:specification:csw-ebrim:ObjectType:EO:EOArchivingInformation');
INSERT INTO t_association VALUES ('urn:uuid:ergo:asso:HasDataLayer', '', 'urn:uuid:ergo:asso:HasDataLayer', 'urn:oasis:names:tc:ebxml-regrep:ObjectType:RegistryObject:Association', 'Submitted', '', '', 'urn:x-ogc:specification:csw-ebrim:AssociationType:EO:HasDataLayer', 'urn:x-ogc:specification:csw-ebrim:ObjectType:EO:EOProduct', 'urn:x-ogc:specification:csw-ebrim:ObjectType:EO:EODataLayer');

INSERT INTO t_classificationnode VALUES ('urn:oasis:names:tc:ebxml-regrep:ObjectType:RegistryObject:AdhocQuery', '', 'urn:oasis:names:tc:ebxml-regrep:ObjectType:RegistryObject:AdhocQuery', 'urn:oasis:names:tc:ebxml-regrep:ObjectType:RegistryObject:ClassificationNode', 'Submitted', '', '', 'AdhocQuery', 'urn:oasis:names:tc:ebxml-regrep:ObjectType:RegistryObject', '');
INSERT INTO t_classificationnode VALUES ('urn:oasis:names:tc:ebxml-regrep:ObjectType:RegistryObject:Association', '', 'urn:oasis:names:tc:ebxml-regrep:ObjectType:RegistryObject:Association', 'urn:oasis:names:tc:ebxml-regrep:ObjectType:RegistryObject:ClassificationNode', 'Submitted', '', '', 'Association', 'urn:oasis:names:tc:ebxml-regrep:ObjectType:RegistryObject', '');
INSERT INTO t_classificationnode VALUES ('urn:oasis:names:tc:ebxml-regrep:ObjectType:RegistryObject:AuditableEvent', '', 'urn:oasis:names:tc:ebxml-regrep:ObjectType:RegistryObject:AuditableEvent', 'urn:oasis:names:tc:ebxml-regrep:ObjectType:RegistryObject:ClassificationNode', 'Submitted', '', '', 'AuditableEvent', 'urn:oasis:names:tc:ebxml-regrep:ObjectType:RegistryObject', '');
INSERT INTO t_classificationnode VALUES ('urn:oasis:names:tc:ebxml-regrep:ObjectType:RegistryObject:Classification', '', 'urn:oasis:names:tc:ebxml-regrep:ObjectType:RegistryObject:Classification', 'urn:oasis:names:tc:ebxml-regrep:ObjectType:RegistryObject:ClassificationNode', 'Submitted', '', '', 'Classification', 'urn:oasis:names:tc:ebxml-regrep:ObjectType:RegistryObject', '');
INSERT INTO t_classificationnode VALUES ('urn:oasis:names:tc:ebxml-regrep:ObjectType:RegistryObject:ClassificationNode', '', 'urn:oasis:names:tc:ebxml-regrep:ObjectType:RegistryObject:ClassificationNode', 'urn:oasis:names:tc:ebxml-regrep:ObjectType:RegistryObject:ClassificationNode', 'Submitted', '', '', 'ClassificationNode', 'urn:oasis:names:tc:ebxml-regrep:ObjectType:RegistryObject', '');
INSERT INTO t_classificationnode VALUES ('urn:oasis:names:tc:ebxml-regrep:ObjectType:RegistryObject:ExternalIdentifier', '', 'urn:oasis:names:tc:ebxml-regrep:ObjectType:RegistryObject:ExternalIdentifier', 'urn:oasis:names:tc:ebxml-regrep:ObjectType:RegistryObject:ClassificationNode', 'Submitted', '', '', 'ExternalIdentifier', 'urn:oasis:names:tc:ebxml-regrep:ObjectType:RegistryObject', '');
INSERT INTO t_classificationnode VALUES ('urn:oasis:names:tc:ebxml-regrep:ObjectType:RegistryObject:ExternalLink', '', 'urn:oasis:names:tc:ebxml-regrep:ObjectType:RegistryObject:ExternalLink', 'urn:oasis:names:tc:ebxml-regrep:ObjectType:RegistryObject:ClassificationNode', 'Submitted', '', '', 'ExternalLink', 'urn:oasis:names:tc:ebxml-regrep:ObjectType:RegistryObject', '');
INSERT INTO t_classificationnode VALUES ('urn:oasis:names:tc:ebxml-regrep:ObjectType:RegistryObject:Notification', '', 'urn:oasis:names:tc:ebxml-regrep:ObjectType:RegistryObject:Notification', 'urn:oasis:names:tc:ebxml-regrep:ObjectType:RegistryObject:ClassificationNode', 'Submitted', '', '', 'Notification', 'urn:oasis:names:tc:ebxml-regrep:ObjectType:RegistryObject', '');
INSERT INTO t_classificationnode VALUES ('urn:oasis:names:tc:ebxml-regrep:ObjectType:RegistryObject:Organization', '', 'urn:oasis:names:tc:ebxml-regrep:ObjectType:RegistryObject:Organization', 'urn:oasis:names:tc:ebxml-regrep:ObjectType:RegistryObject:ClassificationNode', 'Submitted', '', '', 'Organization', 'urn:oasis:names:tc:ebxml-regrep:ObjectType:RegistryObject', '');
INSERT INTO t_classificationnode VALUES ('urn:oasis:names:tc:ebxml-regrep:ObjectType:RegistryObject:Person', '', 'urn:oasis:names:tc:ebxml-regrep:ObjectType:RegistryObject:Person', 'urn:oasis:names:tc:ebxml-regrep:ObjectType:RegistryObject:ClassificationNode', 'Submitted', '', '', 'Person', 'urn:oasis:names:tc:ebxml-regrep:ObjectType:RegistryObject', '');
INSERT INTO t_classificationnode VALUES ('urn:oasis:names:tc:ebxml-regrep:ObjectType:RegistryObject:Person:User', '', 'urn:oasis:names:tc:ebxml-regrep:ObjectType:RegistryObject:Person:User', 'urn:oasis:names:tc:ebxml-regrep:ObjectType:RegistryObject:ClassificationNode', 'Submitted', '', '', 'User', 'urn:oasis:names:tc:ebxml-regrep:ObjectType:RegistryObject:Person', '');
INSERT INTO t_classificationnode VALUES ('urn:oasis:names:tc:ebxml-regrep:ObjectType:RegistryObject:ServiceBinding', '', 'urn:oasis:names:tc:ebxml-regrep:ObjectType:RegistryObject:ServiceBinding', 'urn:oasis:names:tc:ebxml-regrep:ObjectType:RegistryObject:ClassificationNode', 'Submitted', '', '', 'ServiceBinding', 'urn:oasis:names:tc:ebxml-regrep:ObjectType:RegistryObject', '');
INSERT INTO t_classificationnode VALUES ('urn:oasis:names:tc:ebxml-regrep:ObjectType:RegistryObject:SpecificationLink', '', 'urn:oasis:names:tc:ebxml-regrep:ObjectType:RegistryObject:SpecificationLink', 'urn:oasis:names:tc:ebxml-regrep:ObjectType:RegistryObject:ClassificationNode', 'Submitted', '', '', 'SpecificationLink', 'urn:oasis:names:tc:ebxml-regrep:ObjectType:RegistryObject', '');
INSERT INTO t_classificationnode VALUES ('urn:oasis:names:tc:ebxml-regrep:ObjectType:RegistryObject:Subscription', '', 'urn:oasis:names:tc:ebxml-regrep:ObjectType:RegistryObject:Subscription', 'urn:oasis:names:tc:ebxml-regrep:ObjectType:RegistryObject:ClassificationNode', 'Submitted', '', '', 'Subscription', 'urn:oasis:names:tc:ebxml-regrep:ObjectType:RegistryObject', '');
INSERT INTO t_classificationnode VALUES ('urn:oasis:names:tc:ebxml-regrep:ObjectType:RegistryObject:ClassificationScheme', '', 'urn:oasis:names:tc:ebxml-regrep:ObjectType:RegistryObject:ClassificationScheme', 'urn:oasis:names:tc:ebxml-regrep:ObjectType:RegistryObject:ClassificationNode', 'Submitted', '', '', 'ClassificationScheme', 'urn:oasis:names:tc:ebxml-regrep:ObjectType:RegistryObject', '');
INSERT INTO t_classificationnode VALUES ('urn:oasis:names:tc:ebxml-regrep:ObjectType:RegistryObject:Federation', '', 'urn:oasis:names:tc:ebxml-regrep:ObjectType:RegistryObject:Federation', 'urn:oasis:names:tc:ebxml-regrep:ObjectType:RegistryObject:ClassificationNode', 'Submitted', '', '', 'Federation', 'urn:oasis:names:tc:ebxml-regrep:ObjectType:RegistryObject', '');
INSERT INTO t_classificationnode VALUES ('urn:oasis:names:tc:ebxml-regrep:ObjectType:RegistryObject:Registry', '', 'urn:oasis:names:tc:ebxml-regrep:ObjectType:RegistryObject:Registry', 'urn:oasis:names:tc:ebxml-regrep:ObjectType:RegistryObject:ClassificationNode', 'Submitted', '', '', 'Registry', 'urn:oasis:names:tc:ebxml-regrep:ObjectType:RegistryObject', '');
INSERT INTO t_classificationnode VALUES ('urn:oasis:names:tc:ebxml-regrep:ObjectType:RegistryObject:RegistryPackage', '', 'urn:oasis:names:tc:ebxml-regrep:ObjectType:RegistryObject:RegistryPackage', 'urn:oasis:names:tc:ebxml-regrep:ObjectType:RegistryObject:ClassificationNode', 'Submitted', '', '', 'RegistryPackage', 'urn:oasis:names:tc:ebxml-regrep:ObjectType:RegistryObject', '');
INSERT INTO t_classificationnode VALUES ('urn:oasis:names:tc:ebxml-regrep:ObjectType:RegistryObject:Service', '', 'urn:oasis:names:tc:ebxml-regrep:ObjectType:RegistryObject:Service', 'urn:oasis:names:tc:ebxml-regrep:ObjectType:RegistryObject:ClassificationNode', 'Submitted', '', '', 'Service', 'urn:oasis:names:tc:ebxml-regrep:ObjectType:RegistryObject', '');
INSERT INTO t_classificationnode VALUES ('urn:oasis:names:tc:ebxml-regrep:ObjectType:RegistryObject:ExtrinsicObject', '', 'urn:oasis:names:tc:ebxml-regrep:ObjectType:RegistryObject:ExtrinsicObject', 'urn:oasis:names:tc:ebxml-regrep:ObjectType:RegistryObject:ClassificationNode', 'Submitted', '', '', 'ExtrinsicObject', 'urn:oasis:names:tc:ebxml-regrep:ObjectType:RegistryObject', '');
INSERT INTO t_classificationnode VALUES ('urn:oasis:names:tc:ebxml-regrep:ObjectType:RegistryObject:ExtrinsicObject:XACML:Policy', '', 'urn:oasis:names:tc:ebxml-regrep:ObjectType:RegistryObject:ExtrinsicObject:XACML:Policy', 'urn:oasis:names:tc:ebxml-regrep:ObjectType:RegistryObject:ClassificationNode', 'Submitted', '', '', 'Policy', 'urn:oasis:names:tc:ebxml-regrep:ObjectType:RegistryObject:ExtrinsicObject:XACML', '');
INSERT INTO t_classificationnode VALUES ('urn:oasis:names:tc:ebxml-regrep:ObjectType:RegistryObject:ExtrinsicObject:XACML:PolicySet', '', 'urn:oasis:names:tc:ebxml-regrep:ObjectType:RegistryObject:ExtrinsicObject:XACML:PolicySet', 'urn:oasis:names:tc:ebxml-regrep:ObjectType:RegistryObject:ClassificationNode', 'Submitted', '', '', 'PolicySet', 'urn:oasis:names:tc:ebxml-regrep:ObjectType:RegistryObject:ExtrinsicObject:XACML', '');
INSERT INTO t_classificationnode VALUES ('urn:oasis:names:tc:ebxml-regrep:ObjectType:RegistryObject:ExtrinsicObject:XACML', '', 'urn:oasis:names:tc:ebxml-regrep:ObjectType:RegistryObject:ExtrinsicObject:XACML', 'urn:oasis:names:tc:ebxml-regrep:ObjectType:RegistryObject:ClassificationNode', 'Submitted', '', '', 'XACML', 'urn:oasis:names:tc:ebxml-regrep:ObjectType:RegistryObject:ExtrinsicObject', '');
INSERT INTO t_classificationnode VALUES ('urn:oasis:names:tc:ebxml-regrep:ObjectType:RegistryObject:ExtrinsicObject:XML', '', 'urn:oasis:names:tc:ebxml-regrep:ObjectType:RegistryObject:ExtrinsicObject:XML', 'urn:oasis:names:tc:ebxml-regrep:ObjectType:RegistryObject:ClassificationNode', 'Submitted', '', '', 'XML', 'urn:oasis:names:tc:ebxml-regrep:ObjectType:RegistryObject:ExtrinsicObject', '');
INSERT INTO t_classificationnode VALUES ('urn:oasis:names:tc:ebxml-regrep:ObjectType:RegistryObject:ExtrinsicObject:XHTML:XForm', '', 'urn:oasis:names:tc:ebxml-regrep:ObjectType:RegistryObject:ExtrinsicObject:XHTML:XForm', 'urn:oasis:names:tc:ebxml-regrep:ObjectType:RegistryObject:ClassificationNode', 'Submitted', '', '', 'XForm', 'urn:oasis:names:tc:ebxml-regrep:ObjectType:RegistryObject:ExtrinsicObject:XHTML', '');
INSERT INTO t_classificationnode VALUES ('urn:oasis:names:tc:ebxml-regrep:ObjectType:RegistryObject:ExtrinsicObject:XHTML', '', 'urn:oasis:names:tc:ebxml-regrep:ObjectType:RegistryObject:ExtrinsicObject:XHTML', 'urn:oasis:names:tc:ebxml-regrep:ObjectType:RegistryObject:ClassificationNode', 'Submitted', '', '', 'XHTML', 'urn:oasis:names:tc:ebxml-regrep:ObjectType:RegistryObject:ExtrinsicObject', '');
INSERT INTO t_classificationnode VALUES ('urn:oasis:names:tc:ebxml-regrep:ObjectType:RegistryObject:ExtrinsicObject:XSLT', '', 'urn:oasis:names:tc:ebxml-regrep:ObjectType:RegistryObject:ExtrinsicObject:XSLT', 'urn:oasis:names:tc:ebxml-regrep:ObjectType:RegistryObject:ClassificationNode', 'Submitted', '', '', 'XSLT', 'urn:oasis:names:tc:ebxml-regrep:ObjectType:RegistryObject:ExtrinsicObject', '');
INSERT INTO t_classificationnode VALUES ('urn:oasis:names:tc:ebxml-regrep:ObjectType:RegistryObject:ExtrinsicObject:XMLSchema', '', 'urn:oasis:names:tc:ebxml-regrep:ObjectType:RegistryObject:ExtrinsicObject:XMLSchema', 'urn:oasis:names:tc:ebxml-regrep:ObjectType:RegistryObject:ClassificationNode', 'Submitted', '', '', 'XMLSchema', 'urn:oasis:names:tc:ebxml-regrep:ObjectType:RegistryObject:ExtrinsicObject', '');
INSERT INTO t_classificationnode VALUES ('urn:oasis:names:tc:ebxml-regrep:ObjectType:RegistryObject', '', 'urn:oasis:names:tc:ebxml-regrep:ObjectType:RegistryObject', 'urn:oasis:names:tc:ebxml-regrep:ObjectType:RegistryObject:ClassificationNode', 'Submitted', '', '', 'RegistryObject', 'urn:oasis:names:tc:ebxml-regrep:classificationScheme:ObjectType', '');
INSERT INTO t_classificationnode VALUES ('urn:oasis:names:tc:ebxml-regrep:DataType:Boolean', '', 'urn:oasis:names:tc:ebxml-regrep:DataType:Boolean', 'urn:oasis:names:tc:ebxml-regrep:ObjectType:RegistryObject:ClassificationNode', 'Submitted', '', '', 'Boolean', 'urn:oasis:names:tc:ebxml-regrep:classificationScheme:DataType', '');
INSERT INTO t_classificationnode VALUES ('urn:oasis:names:tc:ebxml-regrep:DataType:Date', '', 'urn:oasis:names:tc:ebxml-regrep:DataType:Date', 'urn:oasis:names:tc:ebxml-regrep:ObjectType:RegistryObject:ClassificationNode', 'Submitted', '', '', 'Date', 'urn:oasis:names:tc:ebxml-regrep:classificationScheme:DataType', '');
INSERT INTO t_classificationnode VALUES ('urn:oasis:names:tc:ebxml-regrep:DataType:DateTime', '', 'urn:oasis:names:tc:ebxml-regrep:DataType:DateTime', 'urn:oasis:names:tc:ebxml-regrep:ObjectType:RegistryObject:ClassificationNode', 'Submitted', '', '', 'DateTime', 'urn:oasis:names:tc:ebxml-regrep:classificationScheme:DataType', '');
INSERT INTO t_classificationnode VALUES ('urn:oasis:names:tc:ebxml-regrep:DataType:Double', '', 'urn:oasis:names:tc:ebxml-regrep:DataType:Double', 'urn:oasis:names:tc:ebxml-regrep:ObjectType:RegistryObject:ClassificationNode', 'Submitted', '', '', 'Double', 'urn:oasis:names:tc:ebxml-regrep:classificationScheme:DataType', '');
INSERT INTO t_classificationnode VALUES ('urn:oasis:names:tc:ebxml-regrep:DataType:Duration', '', 'urn:oasis:names:tc:ebxml-regrep:DataType:Duration', 'urn:oasis:names:tc:ebxml-regrep:ObjectType:RegistryObject:ClassificationNode', 'Submitted', '', '', 'Duration', 'urn:oasis:names:tc:ebxml-regrep:classificationScheme:DataType', '');
INSERT INTO t_classificationnode VALUES ('urn:oasis:names:tc:ebxml-regrep:DataType:Float', '', 'urn:oasis:names:tc:ebxml-regrep:DataType:Float', 'urn:oasis:names:tc:ebxml-regrep:ObjectType:RegistryObject:ClassificationNode', 'Submitted', '', '', 'Float', 'urn:oasis:names:tc:ebxml-regrep:classificationScheme:DataType', '');
INSERT INTO t_classificationnode VALUES ('urn:oasis:names:tc:ebxml-regrep:DataType:Integer', '', 'urn:oasis:names:tc:ebxml-regrep:DataType:Integer', 'urn:oasis:names:tc:ebxml-regrep:ObjectType:RegistryObject:ClassificationNode', 'Submitted', '', '', 'Integer', 'urn:oasis:names:tc:ebxml-regrep:classificationScheme:DataType', '');
INSERT INTO t_classificationnode VALUES ('urn:oasis:names:tc:ebxml-regrep:DataType:ObjectRef', '', 'urn:oasis:names:tc:ebxml-regrep:DataType:ObjectRef', 'urn:oasis:names:tc:ebxml-regrep:ObjectType:RegistryObject:ClassificationNode', 'Submitted', '', '', 'ObjectRef', 'urn:oasis:names:tc:ebxml-regrep:classificationScheme:DataType', '');
INSERT INTO t_classificationnode VALUES ('urn:oasis:names:tc:ebxml-regrep:DataType:String', '', 'urn:oasis:names:tc:ebxml-regrep:DataType:String', 'urn:oasis:names:tc:ebxml-regrep:ObjectType:RegistryObject:ClassificationNode', 'Submitted', '', '', 'String', 'urn:oasis:names:tc:ebxml-regrep:classificationScheme:DataType', '');
INSERT INTO t_classificationnode VALUES ('urn:oasis:names:tc:ebxml-regrep:DataType:Time', '', 'urn:oasis:names:tc:ebxml-regrep:DataType:Time', 'urn:oasis:names:tc:ebxml-regrep:ObjectType:RegistryObject:ClassificationNode', 'Submitted', '', '', 'Time', 'urn:oasis:names:tc:ebxml-regrep:classificationScheme:DataType', '');
INSERT INTO t_classificationnode VALUES ('urn:oasis:names:tc:ebxml-regrep:DataType:URI', '', 'urn:oasis:names:tc:ebxml-regrep:DataType:URI', 'urn:oasis:names:tc:ebxml-regrep:ObjectType:RegistryObject:ClassificationNode', 'Submitted', '', '', 'URI', 'urn:oasis:names:tc:ebxml-regrep:classificationScheme:DataType', '');
INSERT INTO t_classificationnode VALUES ('urn:oasis:names:tc:ebxml-regrep:AssociationType:AffiliatedWith:EmployeeOf', '', 'urn:oasis:names:tc:ebxml-regrep:AssociationType:AffiliatedWith:EmployeeOf', 'urn:oasis:names:tc:ebxml-regrep:ObjectType:RegistryObject:ClassificationNode', 'Submitted', '', '', 'EmployeeOf', 'urn:oasis:names:tc:ebxml-regrep:AssociationType:AffiliatedWith', '');
INSERT INTO t_classificationnode VALUES ('urn:oasis:names:tc:ebxml-regrep:AssociationType:AffiliatedWith:MemberOf', '', 'urn:oasis:names:tc:ebxml-regrep:AssociationType:AffiliatedWith:MemberOf', 'urn:oasis:names:tc:ebxml-regrep:ObjectType:RegistryObject:ClassificationNode', 'Submitted', '', '', 'MemberOf', 'urn:oasis:names:tc:ebxml-regrep:AssociationType:AffiliatedWith', '');
INSERT INTO t_classificationnode VALUES ('urn:oasis:names:tc:ebxml-regrep:AssociationType:AffiliatedWith', '', 'urn:oasis:names:tc:ebxml-regrep:AssociationType:AffiliatedWith', 'urn:oasis:names:tc:ebxml-regrep:ObjectType:RegistryObject:ClassificationNode', 'Submitted', '', '', 'AffiliatedWith', 'urn:oasis:names:tc:ebxml-regrep:classificationScheme:AssociationType', '');
INSERT INTO t_classificationnode VALUES ('urn:oasis:names:tc:ebxml-regrep:AssociationType:RelatedTo', '', 'urn:oasis:names:tc:ebxml-regrep:AssociationType:RelatedTo', 'urn:oasis:names:tc:ebxml-regrep:ObjectType:RegistryObject:ClassificationNode', 'Submitted', '', '', 'RelatedTo', 'urn:oasis:names:tc:ebxml-regrep:classificationScheme:AssociationType', '');
INSERT INTO t_classificationnode VALUES ('urn:oasis:names:tc:ebxml-regrep:AssociationType:HasFederationMember', '', 'urn:oasis:names:tc:ebxml-regrep:AssociationType:HasFederationMember', 'urn:oasis:names:tc:ebxml-regrep:ObjectType:RegistryObject:ClassificationNode', 'Submitted', '', '', 'HasFederationMember', 'urn:oasis:names:tc:ebxml-regrep:classificationScheme:AssociationType', '');
INSERT INTO t_classificationnode VALUES ('urn:oasis:names:tc:ebxml-regrep:AssociationType:HasMember', '', 'urn:oasis:names:tc:ebxml-regrep:AssociationType:HasMember', 'urn:oasis:names:tc:ebxml-regrep:ObjectType:RegistryObject:ClassificationNode', 'Submitted', '', '', 'HasMember', 'urn:oasis:names:tc:ebxml-regrep:classificationScheme:AssociationType', '');
INSERT INTO t_classificationnode VALUES ('urn:oasis:names:tc:ebxml-regrep:AssociationType:ExternallyLinks', '', 'urn:oasis:names:tc:ebxml-regrep:AssociationType:ExternallyLinks', 'urn:oasis:names:tc:ebxml-regrep:ObjectType:RegistryObject:ClassificationNode', 'Submitted', '', '', 'ExternallyLinks', 'urn:oasis:names:tc:ebxml-regrep:classificationScheme:AssociationType', '');
INSERT INTO t_classificationnode VALUES ('urn:oasis:names:tc:ebxml-regrep:AssociationType:Contains', '', 'urn:oasis:names:tc:ebxml-regrep:AssociationType:Contains', 'urn:oasis:names:tc:ebxml-regrep:ObjectType:RegistryObject:ClassificationNode', 'Submitted', '', '', 'Contains', 'urn:oasis:names:tc:ebxml-regrep:classificationScheme:AssociationType', '');
INSERT INTO t_classificationnode VALUES ('urn:oasis:names:tc:ebxml-regrep:AssociationType:EquivalentTo', '', 'urn:oasis:names:tc:ebxml-regrep:AssociationType:EquivalentTo', 'urn:oasis:names:tc:ebxml-regrep:ObjectType:RegistryObject:ClassificationNode', 'Submitted', '', '', 'EquivalentTo', 'urn:oasis:names:tc:ebxml-regrep:classificationScheme:AssociationType', '');
INSERT INTO t_classificationnode VALUES ('urn:oasis:names:tc:ebxml-regrep:AssociationType:Extends', '', 'urn:oasis:names:tc:ebxml-regrep:AssociationType:Extends', 'urn:oasis:names:tc:ebxml-regrep:ObjectType:RegistryObject:ClassificationNode', 'Submitted', '', '', 'Extends', 'urn:oasis:names:tc:ebxml-regrep:classificationScheme:AssociationType', '');
INSERT INTO t_classificationnode VALUES ('urn:oasis:names:tc:ebxml-regrep:AssociationType:Implements', '', 'urn:oasis:names:tc:ebxml-regrep:AssociationType:Implements', 'urn:oasis:names:tc:ebxml-regrep:ObjectType:RegistryObject:ClassificationNode', 'Submitted', '', '', 'Implements', 'urn:oasis:names:tc:ebxml-regrep:classificationScheme:AssociationType', '');
INSERT INTO t_classificationnode VALUES ('urn:oasis:names:tc:ebxml-regrep:AssociationType:InstanceOf', '', 'urn:oasis:names:tc:ebxml-regrep:AssociationType:InstanceOf', 'urn:oasis:names:tc:ebxml-regrep:ObjectType:RegistryObject:ClassificationNode', 'Submitted', '', '', 'InstanceOf', 'urn:oasis:names:tc:ebxml-regrep:classificationScheme:AssociationType', '');
INSERT INTO t_classificationnode VALUES ('urn:oasis:names:tc:ebxml-regrep:AssociationType:Supersedes', '', 'urn:oasis:names:tc:ebxml-regrep:AssociationType:Supersedes', 'urn:oasis:names:tc:ebxml-regrep:ObjectType:RegistryObject:ClassificationNode', 'Submitted', '', '', 'Supersedes', 'urn:oasis:names:tc:ebxml-regrep:classificationScheme:AssociationType', '');
INSERT INTO t_classificationnode VALUES ('urn:oasis:names:tc:ebxml-regrep:AssociationType:Uses', '', 'urn:oasis:names:tc:ebxml-regrep:AssociationType:Uses', 'urn:oasis:names:tc:ebxml-regrep:ObjectType:RegistryObject:ClassificationNode', 'Submitted', '', '', 'Uses', 'urn:oasis:names:tc:ebxml-regrep:classificationScheme:AssociationType', '');
INSERT INTO t_classificationnode VALUES ('urn:oasis:names:tc:ebxml-regrep:AssociationType:Replaces', '', 'urn:oasis:names:tc:ebxml-regrep:AssociationType:Replaces', 'urn:oasis:names:tc:ebxml-regrep:ObjectType:RegistryObject:ClassificationNode', 'Submitted', '', '', 'Replaces', 'urn:oasis:names:tc:ebxml-regrep:classificationScheme:AssociationType', '');
INSERT INTO t_classificationnode VALUES ('urn:oasis:names:tc:ebxml-regrep:AssociationType:SubmitterOf', '', 'urn:oasis:names:tc:ebxml-regrep:AssociationType:SubmitterOf', 'urn:oasis:names:tc:ebxml-regrep:ObjectType:RegistryObject:ClassificationNode', 'Submitted', '', '', 'SubmitterOf', 'urn:oasis:names:tc:ebxml-regrep:classificationScheme:AssociationType', '');
INSERT INTO t_classificationnode VALUES ('urn:oasis:names:tc:ebxml-regrep:AssociationType:ResponsibleFor', '', 'urn:oasis:names:tc:ebxml-regrep:AssociationType:ResponsibleFor', 'urn:oasis:names:tc:ebxml-regrep:ObjectType:RegistryObject:ClassificationNode', 'Submitted', '', '', 'ResponsibleFor', 'urn:oasis:names:tc:ebxml-regrep:classificationScheme:AssociationType', '');
INSERT INTO t_classificationnode VALUES ('urn:oasis:names:tc:ebxml-regrep:AssociationType:OwnerOf', '', 'urn:oasis:names:tc:ebxml-regrep:AssociationType:OwnerOf', 'urn:oasis:names:tc:ebxml-regrep:ObjectType:RegistryObject:ClassificationNode', 'Submitted', '', '', 'OwnerOf', 'urn:oasis:names:tc:ebxml-regrep:classificationScheme:AssociationType', '');
INSERT INTO t_classificationnode VALUES ('urn:oasis:names:tc:ebxml-regrep:AssociationType:OffersService', '', 'urn:oasis:names:tc:ebxml-regrep:AssociationType:OffersService', 'urn:oasis:names:tc:ebxml-regrep:ObjectType:RegistryObject:ClassificationNode', 'Submitted', '', '', 'OffersService', 'urn:oasis:names:tc:ebxml-regrep:classificationScheme:AssociationType', '');
INSERT INTO t_classificationnode VALUES ('urn:oasis:names:tc:ebxml-regrep:AssociationType:ContentManagementServiceFor', '', 'urn:oasis:names:tc:ebxml-regrep:AssociationType:ContentManagementServiceFor', 'urn:oasis:names:tc:ebxml-regrep:ObjectType:RegistryObject:ClassificationNode', 'Submitted', '', '', 'ContentManagementServiceFor', 'urn:oasis:names:tc:ebxml-regrep:classificationScheme:AssociationType', '');
INSERT INTO t_classificationnode VALUES ('urn:oasis:names:tc:ebxml-regrep:AssociationType:InvocationControlFileFor:CatalogingControlFileFor', '', 'urn:oasis:names:tc:ebxml-regrep:AssociationType:InvocationControlFileFor:CatalogingControlFileFor', 'urn:oasis:names:tc:ebxml-regrep:ObjectType:RegistryObject:ClassificationNode', 'Submitted', '', '', 'CatalogingControlFileFor', 'urn:oasis:names:tc:ebxml-regrep:AssociationType:InvocationControlFileFor', '');
INSERT INTO t_classificationnode VALUES ('urn:oasis:names:tc:ebxml-regrep:AssociationType:InvocationControlFileFor:ValidationControlFileFor', '', 'urn:oasis:names:tc:ebxml-regrep:AssociationType:InvocationControlFileFor:ValidationControlFileFor', 'urn:oasis:names:tc:ebxml-regrep:ObjectType:RegistryObject:ClassificationNode', 'Submitted', '', '', 'ValidationControlFileFor', 'urn:oasis:names:tc:ebxml-regrep:AssociationType:InvocationControlFileFor', '');
INSERT INTO t_classificationnode VALUES ('urn:oasis:names:tc:ebxml-regrep:AssociationType:InvocationControlFileFor', '', 'urn:oasis:names:tc:ebxml-regrep:AssociationType:InvocationControlFileFor', 'urn:oasis:names:tc:ebxml-regrep:ObjectType:RegistryObject:ClassificationNode', 'Submitted', '', '', 'InvocationControlFileFor', 'urn:oasis:names:tc:ebxml-regrep:classificationScheme:AssociationType', '');
INSERT INTO t_classificationnode VALUES ('urn:oasis:names:tc:ebxml-regrep:AssociationType:AccessControlPolicyFor', '', 'urn:oasis:names:tc:ebxml-regrep:AssociationType:AccessControlPolicyFor', 'urn:oasis:names:tc:ebxml-regrep:ObjectType:RegistryObject:ClassificationNode', 'Submitted', '', '', 'AccessControlPolicyFor', 'urn:oasis:names:tc:ebxml-regrep:classificationScheme:AssociationType', '');
INSERT INTO t_classificationnode VALUES ('urn:x-ogc:specification:csw-ebrim:ObjectType:EO:EOProduct', '', 'urn:x-ogc:specification:csw-ebrim:ObjectType:EO:EOProduct', 'urn:oasis:names:tc:ebxml-regrep:ObjectType:RegistryObject:ClassificationNode', 'Submitted', '', '', 'EOProduct', 'urn:oasis:names:tc:ebxml-regrep:ObjectType:RegistryObject:ExtrinsicObject', '');
INSERT INTO t_classificationnode VALUES ('urn:x-ogc:specification:csw-ebrim:ObjectType:EO:EOAcquisitionPlatform', '', 'urn:x-ogc:specification:csw-ebrim:ObjectType:EO:EOAcquisitionPlatform', 'urn:oasis:names:tc:ebxml-regrep:ObjectType:RegistryObject:ClassificationNode', 'Submitted', '', '', 'EOAcquisitionPlatform', 'urn:oasis:names:tc:ebxml-regrep:ObjectType:RegistryObject:ExtrinsicObject', '');
INSERT INTO t_classificationnode VALUES ('urn:x-ogc:specification:csw-ebrim:ObjectType:EO:EOProductInformation', '', 'urn:x-ogc:specification:csw-ebrim:ObjectType:EO:EOProductInformation', 'urn:oasis:names:tc:ebxml-regrep:ObjectType:RegistryObject:ClassificationNode', 'Submitted', '', '', 'EOProductInformation', 'urn:oasis:names:tc:ebxml-regrep:ObjectType:RegistryObject:ExtrinsicObject', '');
INSERT INTO t_classificationnode VALUES ('urn:x-ogc:specification:csw-ebrim:ObjectType:EO:EOMaskInformation', '', 'urn:x-ogc:specification:csw-ebrim:ObjectType:EO:EOMaskInformation', 'urn:oasis:names:tc:ebxml-regrep:ObjectType:RegistryObject:ClassificationNode', 'Submitted', '', '', 'EOMaskInformation', 'urn:oasis:names:tc:ebxml-regrep:ObjectType:RegistryObject:ExtrinsicObject', '');
INSERT INTO t_classificationnode VALUES ('urn:x-ogc:specification:csw-ebrim:ObjectType:EO:EOBrowseInformation', '', 'urn:x-ogc:specification:csw-ebrim:ObjectType:EO:EOBrowseInformation', 'urn:oasis:names:tc:ebxml-regrep:ObjectType:RegistryObject:ClassificationNode', 'Submitted', '', '', 'EOBrowseInformation', 'urn:oasis:names:tc:ebxml-regrep:ObjectType:RegistryObject:ExtrinsicObject', '');
INSERT INTO t_classificationnode VALUES ('urn:x-ogc:specification:csw-ebrim:ObjectType:EO:EOArchivingInformation', '', 'urn:x-ogc:specification:csw-ebrim:ObjectType:EO:EOArchivingInformation', 'urn:oasis:names:tc:ebxml-regrep:ObjectType:RegistryObject:ClassificationNode', 'Submitted', '', '', 'EOArchivingInformation', 'urn:oasis:names:tc:ebxml-regrep:ObjectType:RegistryObject:ExtrinsicObject', '');
INSERT INTO t_classificationnode VALUES ('urn:x-ogc:specification:csw-ebrim:ObjectType:EO:EODataLayer', '', 'urn:x-ogc:specification:csw-ebrim:ObjectType:EO:EODataLayer', 'urn:oasis:names:tc:ebxml-regrep:ObjectType:RegistryObject:ClassificationNode', 'Submitted', '', '', 'EODataLayer', 'urn:oasis:names:tc:ebxml-regrep:ObjectType:RegistryObject:ExtrinsicObject', '');
INSERT INTO t_classificationnode VALUES ('urn:x-ogc:specification:csw-ebrim:AssociationType:EO:AcquiredBy', '', 'urn:x-ogc:specification:csw-ebrim:AssociationType:EO:AcquiredBy', 'urn:oasis:names:tc:ebxml-regrep:ObjectType:RegistryObject:ClassificationNode', 'Submitted', '', '', 'AcquiredBy', 'urn:oasis:names:tc:ebxml-regrep:classificationScheme:AssociationType', '');
INSERT INTO t_classificationnode VALUES ('urn:x-ogc:specification:csw-ebrim:AssociationType:EO:HasProductInformation', '', 'urn:x-ogc:specification:csw-ebrim:AssociationType:EO:HasProductInformation', 'urn:oasis:names:tc:ebxml-regrep:ObjectType:RegistryObject:ClassificationNode', 'Submitted', '', '', 'HasProductInformation', 'urn:oasis:names:tc:ebxml-regrep:classificationScheme:AssociationType', '');
INSERT INTO t_classificationnode VALUES ('urn:x-ogc:specification:csw-ebrim:AssociationType:EO:HasMaskInformation', '', 'urn:x-ogc:specification:csw-ebrim:AssociationType:EO:HasMaskInformation', 'urn:oasis:names:tc:ebxml-regrep:ObjectType:RegistryObject:ClassificationNode', 'Submitted', '', '', 'HasMaskInformation', 'urn:oasis:names:tc:ebxml-regrep:classificationScheme:AssociationType', '');
INSERT INTO t_classificationnode VALUES ('urn:x-ogc:specification:csw-ebrim:AssociationType:EO:HasBrowseInformation', '', 'urn:x-ogc:specification:csw-ebrim:AssociationType:EO:HasBrowseInformation', 'urn:oasis:names:tc:ebxml-regrep:ObjectType:RegistryObject:ClassificationNode', 'Submitted', '', '', 'HasBrowseInformation', 'urn:oasis:names:tc:ebxml-regrep:classificationScheme:AssociationType', '');
INSERT INTO t_classificationnode VALUES ('urn:x-ogc:specification:csw-ebrim:AssociationType:EO:ArchivedIn', '', 'urn:x-ogc:specification:csw-ebrim:AssociationType:EO:ArchivedIn', 'urn:oasis:names:tc:ebxml-regrep:ObjectType:RegistryObject:ClassificationNode', 'Submitted', '', '', 'ArchivedIn', 'urn:oasis:names:tc:ebxml-regrep:classificationScheme:AssociationType', '');
INSERT INTO t_classificationnode VALUES ('urn:x-ogc:specification:csw-ebrim:AssociationType:EO:HasDataLayer', '', 'urn:x-ogc:specification:csw-ebrim:AssociationType:EO:HasDataLayer', 'urn:oasis:names:tc:ebxml-regrep:ObjectType:RegistryObject:ClassificationNode', 'Submitted', '', '', 'HasDataLayer', 'urn:oasis:names:tc:ebxml-regrep:classificationScheme:AssociationType', '');
INSERT INTO t_classificationnode VALUES ('urn:x-ogc:specification:csw-ebrim:EO:EOProductTypes:SAR', '', 'urn:x-ogc:specification:csw-ebrim:EO:EOProductTypes:SAR', 'urn:oasis:names:tc:ebxml-regrep:ObjectType:RegistryObject:ClassificationNode', 'Submitted', '', '', 'SAR', 'urn:x-ogc:specification:csw-ebrim:EO:EOProductTypes:EOP', '');
INSERT INTO t_classificationnode VALUES ('urn:x-ogc:specification:csw-ebrim:EO:EOProductTypes:ATM', '', 'urn:x-ogc:specification:csw-ebrim:EO:EOProductTypes:ATM', 'urn:oasis:names:tc:ebxml-regrep:ObjectType:RegistryObject:ClassificationNode', 'Submitted', '', '', 'ATM', 'urn:x-ogc:specification:csw-ebrim:EO:EOProductTypes:EOP', '');
INSERT INTO t_classificationnode VALUES ('urn:x-ogc:specification:csw-ebrim:EO:EOProductTypes:OPT', '', 'urn:x-ogc:specification:csw-ebrim:EO:EOProductTypes:OPT', 'urn:oasis:names:tc:ebxml-regrep:ObjectType:RegistryObject:ClassificationNode', 'Submitted', '', '', 'OPT', 'urn:x-ogc:specification:csw-ebrim:EO:EOProductTypes:EOP', '');
INSERT INTO t_classificationnode VALUES ('urn:x-ogc:specification:csw-ebrim:EO:EOProductTypes:PHR', '', 'urn:x-ogc:specification:csw-ebrim:EO:EOProductTypes:PHR', 'urn:oasis:names:tc:ebxml-regrep:ObjectType:RegistryObject:ClassificationNode', 'Submitted', '', '', 'PHR', 'urn:x-ogc:specification:csw-ebrim:EO:EOProductTypes:OPT', '');
INSERT INTO t_classificationnode VALUES ('urn:x-ogc:specification:csw-ebrim:EO:EOProductTypes:EOP', '', 'urn:x-ogc:specification:csw-ebrim:EO:EOProductTypes:EOP', 'urn:oasis:names:tc:ebxml-regrep:ObjectType:RegistryObject:ClassificationNode', 'Submitted', '', '', 'EOP', 'urn:x-ogc:specification:csw-ebrim:EO:EOProductTypes', '');
INSERT INTO t_classificationnode VALUES ('urn:kzen:ObjectType:SlotDescription', '', 'urn:kzen:ObjectType:SlotDescription', 'urn:oasis:names:tc:ebxml-regrep:ObjectType:RegistryObject:ClassificationNode', 'Submitted', '', '', 'ObjectDefinition', 'urn:oasis:names:tc:ebxml-regrep:ObjectType:RegistryObject:ExtrinsicObject', '');

INSERT INTO t_classificationscheme VALUES ('urn:oasis:names:tc:ebxml-regrep:classificationScheme:ObjectType', '', 'urn:oasis:names:tc:ebxml-regrep:classificationScheme:ObjectType', 'urn:oasis:names:tc:ebxml-regrep:ObjectType:RegistryObject:ClassificationScheme', 'Submitted', '', '', 't', 'urn:oasis:names:tc:ebxml-regrep:NodeType:UniqueCode');
INSERT INTO t_classificationscheme VALUES ('urn:oasis:names:tc:ebxml-regrep:classificationScheme:DataType', '', 'urn:oasis:names:tc:ebxml-regrep:classificationScheme:DataType', 'urn:oasis:names:tc:ebxml-regrep:ObjectType:RegistryObject:ClassificationScheme', 'Submitted', '', '', 't', 'urn:oasis:names:tc:ebxml-regrep:NodeType:UniqueCode');
INSERT INTO t_classificationscheme VALUES ('urn:oasis:names:tc:ebxml-regrep:classificationScheme:AssociationType', '', 'urn:oasis:names:tc:ebxml-regrep:classificationScheme:AssociationType', 'urn:oasis:names:tc:ebxml-regrep:ObjectType:RegistryObject:ClassificationScheme', 'Submitted', '', '', 't', 'urn:oasis:names:tc:ebxml-regrep:NodeType:UniqueCode');
INSERT INTO t_classificationscheme VALUES ('urn:x-ogc:specification:csw-ebrim:EO:EOProductTypes', '', 'urn:x-ogc:specification:csw-ebrim:EO:EOProductTypes', 'urn:oasis:names:tc:ebxml-regrep:ObjectType:RegistryObject:ClassificationScheme', 'Submitted', '', '', 't', 'urn:oasis:names:tc:ebxml-regrep:NodeType:UniqueCode');

INSERT INTO t_description VALUES ('UTF-8', 'en-US', 'This is the canonical ClassificationScheme for object type hierarchy', 'urn:oasis:names:tc:ebxml-regrep:classificationScheme:ObjectType');
INSERT INTO t_description VALUES ('UTF-8', 'en-US', 'This is the canonical ClassificationScheme for pre-defined data types', 'urn:oasis:names:tc:ebxml-regrep:classificationScheme:DataType');
INSERT INTO t_description VALUES ('UTF-8', 'en-US', 'This is the canonical ClassificationScheme for pre-defined association types', 'urn:oasis:names:tc:ebxml-regrep:classificationScheme:AssociationType');
INSERT INTO t_description VALUES ('UTF-8', 'en-US', 'Represents an Earth Observation Product', 'urn:x-ogc:specification:csw-ebrim:ObjectType:EO:EOProduct');
INSERT INTO t_description VALUES ('UTF-8', 'en-US', 'Represents an Earth Observation Acquisition Platform', 'urn:x-ogc:specification:csw-ebrim:ObjectType:EO:EOAcquisitionPlatform');
INSERT INTO t_description VALUES ('UTF-8', 'en-US', 'Represents an Earth Observation Product Information', 'urn:x-ogc:specification:csw-ebrim:ObjectType:EO:EOProductInformation');
INSERT INTO t_description VALUES ('UTF-8', 'en-US', 'Represents an Earth Observation Mask Information', 'urn:x-ogc:specification:csw-ebrim:ObjectType:EO:EOMaskInformation');
INSERT INTO t_description VALUES ('UTF-8', 'en-US', 'Represents an Earth Observation Browse Information', 'urn:x-ogc:specification:csw-ebrim:ObjectType:EO:EOBrowseInformation');
INSERT INTO t_description VALUES ('UTF-8', 'en-US', 'Represents an Earth Observation Archiving Information', 'urn:x-ogc:specification:csw-ebrim:ObjectType:EO:EOArchivingInformation');
INSERT INTO t_description VALUES ('UTF-8', 'en-US', 'Represents an Earth Observation Data Layer', 'urn:x-ogc:specification:csw-ebrim:ObjectType:EO:EODataLayer');
INSERT INTO t_description VALUES ('UTF-8', 'en-US', 'Associates a EOProduct with a EOAcquisitionPlatform.', 'urn:x-ogc:specification:csw-ebrim:AssociationType:EO:AcquiredBy');
INSERT INTO t_description VALUES ('UTF-8', 'en-US', 'Associates a EOProduct with a EOProductInformation.', 'urn:x-ogc:specification:csw-ebrim:AssociationType:EO:HasProductInformation');
INSERT INTO t_description VALUES ('UTF-8', 'en-US', 'Associates a EOProduct with a EOMaskInformation.', 'urn:x-ogc:specification:csw-ebrim:AssociationType:EO:HasMaskInformation');
INSERT INTO t_description VALUES ('UTF-8', 'en-US', 'Associates a EOProduct with a EOBrowseInformation.', 'urn:x-ogc:specification:csw-ebrim:AssociationType:EO:HasBrowseInformation');
INSERT INTO t_description VALUES ('UTF-8', 'en-US', 'Associates a EOProduct with a EOArchivingInformation.', 'urn:x-ogc:specification:csw-ebrim:AssociationType:EO:ArchivedIn');
INSERT INTO t_description VALUES ('UTF-8', 'en-US', 'Associates a EOProduct with a EODataLayer.', 'urn:x-ogc:specification:csw-ebrim:AssociationType:EO:HasDataLayer');
INSERT INTO t_description VALUES ('UTF-8', 'en-US', 'Radar type', 'urn:x-ogc:specification:csw-ebrim:EO:EOProductTypes:SAR');
INSERT INTO t_description VALUES ('UTF-8', 'en-US', 'Atmospheric type', 'urn:x-ogc:specification:csw-ebrim:EO:EOProductTypes:ATM');
INSERT INTO t_description VALUES ('UTF-8', 'en-US', 'Optical type', 'urn:x-ogc:specification:csw-ebrim:EO:EOProductTypes:OPT');
INSERT INTO t_description VALUES ('UTF-8', 'en-US', 'Spot Pleiades Optical High-Resolution type', 'urn:x-ogc:specification:csw-ebrim:EO:EOProductTypes:PHR');
INSERT INTO t_description VALUES ('UTF-8', 'en-US', 'EOP General type', 'urn:x-ogc:specification:csw-ebrim:EO:EOProductTypes:EOP');
INSERT INTO t_description VALUES ('UTF-8', 'en-US', 'This is the canonical ClassificationScheme for EO Product Types hierarchy', 'urn:x-ogc:specification:csw-ebrim:EO:EOProductTypes');
INSERT INTO t_description VALUES ('UTF-8', 'en-US', 'Provides Earth Observation Products extensions to the Basic package of the CSW-ebRIM catalogue profile.', 'urn:x-ogc:specification:csw-ebrim:package:EOProducts');

INSERT INTO t_extrinsicobject VALUES ('urn:x-ogc:specification:csw-ebrim:ObjectType:EO:EOProduct:Definition', '', 'urn:x-ogc:specification:csw-ebrim:ObjectType:EO:EOProduct:Definition', 'urn:kzen:ObjectType:SlotDescription', 'Submitted', '', '', 'f', 'application/octet-stream', '', '', 'rim', '', '', '', '', '', '');
INSERT INTO t_extrinsicobject VALUES ('urn:x-ogc:specification:csw-ebrim:ObjectType:EO:EOAcquisitionPlatform:Definition', '', 'urn:x-ogc:specification:csw-ebrim:ObjectType:EO:EOAcquisitionPlatform:Definition', 'urn:kzen:ObjectType:SlotDescription', 'Submitted', '', '', 'f', 'application/octet-stream', '', '', 'rim', '', '', '', '', '', '');
INSERT INTO t_extrinsicobject VALUES ('urn:x-ogc:specification:csw-ebrim:ObjectType:EO:EOProductInformation:Definition', '', 'urn:x-ogc:specification:csw-ebrim:ObjectType:EO:EOProductInformation:Definition', 'urn:kzen:ObjectType:SlotDescription', 'Submitted', '', '', 'f', 'application/octet-stream', '', '', 'rim', '', '', '', '', '', '');
INSERT INTO t_extrinsicobject VALUES ('urn:x-ogc:specification:csw-ebrim:ObjectType:EO:EOBrowseInformation:Definition', '', 'urn:x-ogc:specification:csw-ebrim:ObjectType:EO:EOBrowseInformation:Definition', 'urn:kzen:ObjectType:SlotDescription', 'Submitted', '', '', 'f', 'application/octet-stream', '', '', 'rim', '', '', '', '', '', '');
INSERT INTO t_extrinsicobject VALUES ('urn:x-ogc:specification:csw-ebrim:ObjectType:EO:EOMaskInformation:Definition', '', 'urn:x-ogc:specification:csw-ebrim:ObjectType:EO:EOMaskInformation:Definition', 'urn:kzen:ObjectType:SlotDescription', 'Submitted', '', '', 'f', 'application/octet-stream', '', '', 'rim', '', '', '', '', '', '');
INSERT INTO t_extrinsicobject VALUES ('urn:x-ogc:specification:csw-ebrim:ObjectType:EO:EOArchivingInformation:Definition', '', 'urn:x-ogc:specification:csw-ebrim:ObjectType:EO:EOArchivingInformation:Definition', 'urn:kzen:ObjectType:SlotDescription', 'Submitted', '', '', 'f', 'application/octet-stream', '', '', 'rim', '', '', '', '', '', '');
INSERT INTO t_extrinsicobject VALUES ('urn:x-ogc:specification:csw-ebrim:ObjectType:EO:EODataLayer:Definition', '', 'urn:x-ogc:specification:csw-ebrim:ObjectType:EO:EODataLayer:Definition', 'urn:kzen:ObjectType:SlotDescription', 'Submitted', '', '', 'f', 'application/octet-stream', '', '', 'rim', '', '', '', '', '', '');


INSERT INTO t_name VALUES ('UTF-8', 'en-US', 'ObjectType', 'urn:oasis:names:tc:ebxml-regrep:classificationScheme:ObjectType');
INSERT INTO t_name VALUES ('UTF-8', 'en-US', 'DataType', 'urn:oasis:names:tc:ebxml-regrep:classificationScheme:DataType');
INSERT INTO t_name VALUES ('UTF-8', 'en-US', 'EmployeeOf', 'urn:oasis:names:tc:ebxml-regrep:AssociationType:AffiliatedWith:EmployeeOf');
INSERT INTO t_name VALUES ('UTF-8', 'en-US', 'MemberOf', 'urn:oasis:names:tc:ebxml-regrep:AssociationType:AffiliatedWith:MemberOf');
INSERT INTO t_name VALUES ('UTF-8', 'en-US', 'AffiliatedWith', 'urn:oasis:names:tc:ebxml-regrep:AssociationType:AffiliatedWith');
INSERT INTO t_name VALUES ('UTF-8', 'en-US', 'RelatedTo', 'urn:oasis:names:tc:ebxml-regrep:AssociationType:RelatedTo');
INSERT INTO t_name VALUES ('UTF-8', 'en-US', 'HasFederationMember', 'urn:oasis:names:tc:ebxml-regrep:AssociationType:HasFederationMember');
INSERT INTO t_name VALUES ('UTF-8', 'en-US', 'HasMember', 'urn:oasis:names:tc:ebxml-regrep:AssociationType:HasMember');
INSERT INTO t_name VALUES ('UTF-8', 'en-US', 'ExternallyLinks', 'urn:oasis:names:tc:ebxml-regrep:AssociationType:ExternallyLinks');
INSERT INTO t_name VALUES ('UTF-8', 'en-US', 'Contains', 'urn:oasis:names:tc:ebxml-regrep:AssociationType:Contains');
INSERT INTO t_name VALUES ('UTF-8', 'en-US', 'EquivalentTo', 'urn:oasis:names:tc:ebxml-regrep:AssociationType:EquivalentTo');
INSERT INTO t_name VALUES ('UTF-8', 'en-US', 'Extends', 'urn:oasis:names:tc:ebxml-regrep:AssociationType:Extends');
INSERT INTO t_name VALUES ('UTF-8', 'en-US', 'Implements', 'urn:oasis:names:tc:ebxml-regrep:AssociationType:Implements');
INSERT INTO t_name VALUES ('UTF-8', 'en-US', 'InstanceOf', 'urn:oasis:names:tc:ebxml-regrep:AssociationType:InstanceOf');
INSERT INTO t_name VALUES ('UTF-8', 'en-US', 'Supersedes', 'urn:oasis:names:tc:ebxml-regrep:AssociationType:Supersedes');
INSERT INTO t_name VALUES ('UTF-8', 'en-US', 'Uses', 'urn:oasis:names:tc:ebxml-regrep:AssociationType:Uses');
INSERT INTO t_name VALUES ('UTF-8', 'en-US', 'Replaces', 'urn:oasis:names:tc:ebxml-regrep:AssociationType:Replaces');
INSERT INTO t_name VALUES ('UTF-8', 'en-US', 'SubmitterOf', 'urn:oasis:names:tc:ebxml-regrep:AssociationType:SubmitterOf');
INSERT INTO t_name VALUES ('UTF-8', 'en-US', 'ResponsibleFor', 'urn:oasis:names:tc:ebxml-regrep:AssociationType:ResponsibleFor');
INSERT INTO t_name VALUES ('UTF-8', 'en-US', 'OwnerOf', 'urn:oasis:names:tc:ebxml-regrep:AssociationType:OwnerOf');
INSERT INTO t_name VALUES ('UTF-8', 'en-US', 'OffersService', 'urn:oasis:names:tc:ebxml-regrep:AssociationType:OffersService');
INSERT INTO t_name VALUES ('UTF-8', 'en-US', 'ContentManagementServiceFor', 'urn:oasis:names:tc:ebxml-regrep:AssociationType:ContentManagementServiceFor');
INSERT INTO t_name VALUES ('UTF-8', 'en-US', 'CatalogingControlFileFor', 'urn:oasis:names:tc:ebxml-regrep:AssociationType:InvocationControlFileFor:CatalogingControlFileFor');
INSERT INTO t_name VALUES ('UTF-8', 'en-US', 'ValidationControlFileFor', 'urn:oasis:names:tc:ebxml-regrep:AssociationType:InvocationControlFileFor:ValidationControlFileFor');
INSERT INTO t_name VALUES ('UTF-8', 'en-US', 'InvocationControlFileFor', 'urn:oasis:names:tc:ebxml-regrep:AssociationType:InvocationControlFileFor');
INSERT INTO t_name VALUES ('UTF-8', 'en-US', 'AccessControlPolicyFor', 'urn:oasis:names:tc:ebxml-regrep:AssociationType:AccessControlPolicyFor');
INSERT INTO t_name VALUES ('UTF-8', 'en-US', 'AssociationType', 'urn:oasis:names:tc:ebxml-regrep:classificationScheme:AssociationType');
INSERT INTO t_name VALUES ('UTF-8', 'en-US', 'EOProduct', 'urn:x-ogc:specification:csw-ebrim:ObjectType:EO:EOProduct');
INSERT INTO t_name VALUES ('UTF-8', 'en-US', 'EOAcquisitionPlatform', 'urn:x-ogc:specification:csw-ebrim:ObjectType:EO:EOAcquisitionPlatform');
INSERT INTO t_name VALUES ('UTF-8', 'en-US', 'EOProductInformation', 'urn:x-ogc:specification:csw-ebrim:ObjectType:EO:EOProductInformation');
INSERT INTO t_name VALUES ('UTF-8', 'en-US', 'EOMaskInformation', 'urn:x-ogc:specification:csw-ebrim:ObjectType:EO:EOMaskInformation');
INSERT INTO t_name VALUES ('UTF-8', 'en-US', 'EOBrowseInformation', 'urn:x-ogc:specification:csw-ebrim:ObjectType:EO:EOBrowseInformation');
INSERT INTO t_name VALUES ('UTF-8', 'en-US', 'EOArchivingInformation', 'urn:x-ogc:specification:csw-ebrim:ObjectType:EO:EOArchivingInformation');
INSERT INTO t_name VALUES ('UTF-8', 'en-US', 'EODataLayer', 'urn:x-ogc:specification:csw-ebrim:ObjectType:EO:EODataLayer');
INSERT INTO t_name VALUES ('UTF-8', 'en-US', 'AcquiredBy', 'urn:x-ogc:specification:csw-ebrim:AssociationType:EO:AcquiredBy');
INSERT INTO t_name VALUES ('UTF-8', 'en-US', 'HasProductInformation', 'urn:x-ogc:specification:csw-ebrim:AssociationType:EO:HasProductInformation');
INSERT INTO t_name VALUES ('UTF-8', 'en-US', 'HasMaskInformation', 'urn:x-ogc:specification:csw-ebrim:AssociationType:EO:HasMaskInformation');
INSERT INTO t_name VALUES ('UTF-8', 'en-US', 'HasBrowseInformation', 'urn:x-ogc:specification:csw-ebrim:AssociationType:EO:HasBrowseInformation');
INSERT INTO t_name VALUES ('UTF-8', 'en-US', 'ArchivedIn', 'urn:x-ogc:specification:csw-ebrim:AssociationType:EO:ArchivedIn');
INSERT INTO t_name VALUES ('UTF-8', 'en-US', 'HasDataLayer', 'urn:x-ogc:specification:csw-ebrim:AssociationType:EO:HasDataLayer');
INSERT INTO t_name VALUES ('UTF-8', 'en-US', 'SAR', 'urn:x-ogc:specification:csw-ebrim:EO:EOProductTypes:SAR');
INSERT INTO t_name VALUES ('UTF-8', 'en-US', 'ATM', 'urn:x-ogc:specification:csw-ebrim:EO:EOProductTypes:ATM');
INSERT INTO t_name VALUES ('UTF-8', 'en-US', 'OPT', 'urn:x-ogc:specification:csw-ebrim:EO:EOProductTypes:OPT');
INSERT INTO t_name VALUES ('UTF-8', 'en-US', 'PHR', 'urn:x-ogc:specification:csw-ebrim:EO:EOProductTypes:PHR');
INSERT INTO t_name VALUES ('UTF-8', 'en-US', 'EOP', 'urn:x-ogc:specification:csw-ebrim:EO:EOProductTypes:EOP');
INSERT INTO t_name VALUES ('UTF-8', 'en-US', 'EOProductTypes', 'urn:x-ogc:specification:csw-ebrim:EO:EOProductTypes');
INSERT INTO t_name VALUES ('UTF-8', 'en-US', 'Earth Observation Products extension package for CSW-ebRIM', 'urn:x-ogc:specification:csw-ebrim:package:EOProducts');
INSERT INTO t_name VALUES ('UTF-8', 'en-US', 'ObjectDefinition', 'urn:kzen:ObjectType:SlotDescription');

INSERT INTO t_registrypackage VALUES ('urn:x-ogc:specification:csw-ebrim:package:EOProducts', '', 'urn:x-ogc:specification:csw-ebrim:package:EOProducts', 'urn:oasis:names:tc:ebxml-regrep:ObjectType:RegistryObject:RegistryPackage', 'Submitted', '', '');

INSERT INTO t_slot VALUES (0, 'urn:x-ogc:specification:csw-ebrim:ObjectType:EO:EOProduct:Definition', 'urn:ogc:def:ebRIM-Slot:OGC-06-131:acquisitionType', 'string', 'rim', '', NULL, NULL, NULL, NULL, NULL);
INSERT INTO t_slot VALUES (0, 'urn:x-ogc:specification:csw-ebrim:ObjectType:EO:EOProduct:Definition', 'urn:ogc:def:ebRIM-Slot:OGC-06-131:acquisitionStation', 'string', 'rim', '', NULL, NULL, NULL, NULL, NULL);
INSERT INTO t_slot VALUES (0, 'urn:x-ogc:specification:csw-ebrim:ObjectType:EO:EOProduct:Definition', 'urn:ogc:def:ebRIM-Slot:OGC-06-131:acquisitionDate', 'datetime', 'rim', '', NULL, NULL, NULL, NULL, NULL);
INSERT INTO t_slot VALUES (0, 'urn:x-ogc:specification:csw-ebrim:ObjectType:EO:EOProduct:Definition', 'urn:ogc:def:ebRIM-Slot:OGC-06-131:acquisitionNodeDate', 'datetime', 'rim', '', NULL, NULL, NULL, NULL, NULL);
INSERT INTO t_slot VALUES (0, 'urn:x-ogc:specification:csw-ebrim:ObjectType:EO:EOProduct:Definition', 'urn:ogc:def:ebRIM-Slot:OGC-06-131:startTimeFromAscendingNode', 'double', 'rim', '', NULL, NULL, NULL, NULL, NULL);
INSERT INTO t_slot VALUES (0, 'urn:x-ogc:specification:csw-ebrim:ObjectType:EO:EOProduct:Definition', 'urn:ogc:def:ebRIM-Slot:OGC-06-131:completionTimeFromAscendingNode', 'double', 'rim', '', NULL, NULL, NULL, NULL, NULL);
INSERT INTO t_slot VALUES (0, 'urn:x-ogc:specification:csw-ebrim:ObjectType:EO:EOProduct:Definition', 'urn:ogc:def:ebRIM-Slot:OGC-06-131:ascendingNodeLongitude', 'double', 'rim', '', NULL, NULL, NULL, NULL, NULL);
INSERT INTO t_slot VALUES (0, 'urn:x-ogc:specification:csw-ebrim:ObjectType:EO:EOProduct:Definition', 'urn:ogc:def:ebRIM-Slot:OGC-06-131:orbitDuration', 'double', 'rim', '', NULL, NULL, NULL, NULL, NULL);
INSERT INTO t_slot VALUES (0, 'urn:x-ogc:specification:csw-ebrim:ObjectType:EO:EOProduct:Definition', 'urn:ogc:def:ebRIM-Slot:OGC-06-131:incidenceAngle', 'double', 'rim', '', NULL, NULL, NULL, NULL, NULL);
INSERT INTO t_slot VALUES (0, 'urn:x-ogc:specification:csw-ebrim:ObjectType:EO:EOProduct:Definition', 'urn:ogc:def:ebRIM-Slot:OGC-06-131:compositeType', 'string', 'rim', '', NULL, NULL, NULL, NULL, NULL);
INSERT INTO t_slot VALUES (0, 'urn:x-ogc:specification:csw-ebrim:ObjectType:EO:EOProduct:Definition', 'urn:ogc:def:ebRIM-Slot:OGC-06-131:method', 'string', 'rim', '', NULL, NULL, NULL, NULL, NULL);
INSERT INTO t_slot VALUES (0, 'urn:x-ogc:specification:csw-ebrim:ObjectType:EO:EOProduct:Definition', 'urn:ogc:def:ebRIM-Slot:OGC-06-131:methodVersion', 'string', 'rim', '', NULL, NULL, NULL, NULL, NULL);
INSERT INTO t_slot VALUES (0, 'urn:x-ogc:specification:csw-ebrim:ObjectType:EO:EOProduct:Definition', 'urn:ogc:def:ebRIM-Slot:OGC-06-131:processorName', 'string', 'rim', '', NULL, NULL, NULL, NULL, NULL);
INSERT INTO t_slot VALUES (0, 'urn:x-ogc:specification:csw-ebrim:ObjectType:EO:EOProduct:Definition', 'urn:ogc:def:ebRIM-Slot:OGC-06-131:processorVersion', 'string', 'rim', '', NULL, NULL, NULL, NULL, NULL);
INSERT INTO t_slot VALUES (0, 'urn:x-ogc:specification:csw-ebrim:ObjectType:EO:EOProduct:Definition', 'urn:ogc:def:ebRIM-Slot:OGC-06-131:processingLevel', 'string', 'rim', '', NULL, NULL, NULL, NULL, NULL);
INSERT INTO t_slot VALUES (0, 'urn:x-ogc:specification:csw-ebrim:ObjectType:EO:EOProduct:Definition', 'urn:ogc:def:ebRIM-Slot:OGC-06-131:nativeProductFormat', 'string', 'rim', '', NULL, NULL, NULL, NULL, NULL);
INSERT INTO t_slot VALUES (0, 'urn:x-ogc:specification:csw-ebrim:ObjectType:EO:EOProduct:Definition', 'urn:ogc:def:ebRIM-Slot:OGC-06-131:acquisitionSubType', 'string', 'rim', '', NULL, NULL, NULL, NULL, NULL);
INSERT INTO t_slot VALUES (0, 'urn:x-ogc:specification:csw-ebrim:ObjectType:EO:EOProduct:Definition', 'urn:ogc:def:ebRIM-Slot:OGC-06-131:acrossTrackPointingAngle', 'double', 'rim', '', NULL, NULL, NULL, NULL, NULL);
INSERT INTO t_slot VALUES (0, 'urn:x-ogc:specification:csw-ebrim:ObjectType:EO:EOProduct:Definition', 'urn:ogc:def:ebRIM-Slot:OGC-06-131:alongTrackPointingAngle', 'double', 'rim', '', NULL, NULL, NULL, NULL, NULL);
INSERT INTO t_slot VALUES (0, 'urn:x-ogc:specification:csw-ebrim:ObjectType:EO:EOProduct:Definition', 'urn:ogc:def:ebRIM-Slot:OGC-06-131:antennaLookDirection', 'string', 'rim', '', NULL, NULL, NULL, NULL, NULL);
INSERT INTO t_slot VALUES (0, 'urn:x-ogc:specification:csw-ebrim:ObjectType:EO:EOProduct:Definition', 'urn:ogc:def:ebRIM-Slot:OGC-06-131:beginPosition', 'datetime', 'rim', '', NULL, NULL, NULL, NULL, NULL);
INSERT INTO t_slot VALUES (0, 'urn:x-ogc:specification:csw-ebrim:ObjectType:EO:EOProduct:Definition', 'urn:ogc:def:ebRIM-Slot:OGC-06-131:centerOf', 'geometry', 'rim', '', NULL, NULL, NULL, NULL, NULL);
INSERT INTO t_slot VALUES (0, 'urn:x-ogc:specification:csw-ebrim:ObjectType:EO:EOProduct:Definition', 'urn:ogc:def:ebRIM-Slot:OGC-06-131:cloudCoverPercentage', 'double', 'rim', '', NULL, NULL, NULL, NULL, NULL);
INSERT INTO t_slot VALUES (0, 'urn:x-ogc:specification:csw-ebrim:ObjectType:EO:EOProduct:Definition', 'urn:ogc:def:ebRIM-Slot:OGC-06-131:doi', 'string', 'rim', '', NULL, NULL, NULL, NULL, NULL);
INSERT INTO t_slot VALUES (0, 'urn:x-ogc:specification:csw-ebrim:ObjectType:EO:EOProduct:Definition', 'urn:ogc:def:ebRIM-Slot:OGC-06-131:dopplerFrequency', 'double', 'rim', '', NULL, NULL, NULL, NULL, NULL);
INSERT INTO t_slot VALUES (0, 'urn:x-ogc:specification:csw-ebrim:ObjectType:EO:EOProduct:Definition', 'urn:ogc:def:ebRIM-Slot:OGC-06-131:endPosition', 'datetime', 'rim', '', NULL, NULL, NULL, NULL, NULL);
INSERT INTO t_slot VALUES (0, 'urn:x-ogc:specification:csw-ebrim:ObjectType:EO:EOProduct:Definition', 'urn:ogc:def:ebRIM-Slot:OGC-06-131:extentOf', 'geometry', 'rim', '', NULL, NULL, NULL, NULL, NULL);
INSERT INTO t_slot VALUES (0, 'urn:x-ogc:specification:csw-ebrim:ObjectType:EO:EOProduct:Definition', 'urn:ogc:def:ebRIM-Slot:OGC-06-131:multiExtentOf', 'geometry', 'rim', '', NULL, NULL, NULL, NULL, NULL);
INSERT INTO t_slot VALUES (0, 'urn:x-ogc:specification:csw-ebrim:ObjectType:EO:EOProduct:Definition', 'urn:ogc:def:ebRIM-Slot:OGC-06-131:illuminationAzimuthAngle', 'double', 'rim', '', NULL, NULL, NULL, NULL, NULL);
INSERT INTO t_slot VALUES (0, 'urn:x-ogc:specification:csw-ebrim:ObjectType:EO:EOProduct:Definition', 'urn:ogc:def:ebRIM-Slot:OGC-06-131:illuminationElevationAngle', 'double', 'rim', '', NULL, NULL, NULL, NULL, NULL);
INSERT INTO t_slot VALUES (0, 'urn:x-ogc:specification:csw-ebrim:ObjectType:EO:EOProduct:Definition', 'urn:ogc:def:ebRIM-Slot:OGC-06-131:imageQualityDegradation', 'double', 'rim', '', NULL, NULL, NULL, NULL, NULL);
INSERT INTO t_slot VALUES (0, 'urn:x-ogc:specification:csw-ebrim:ObjectType:EO:EOProduct:Definition', 'urn:ogc:def:ebRIM-Slot:OGC-06-131:imageQualityDegradationQuotationMode', 'string', 'rim', '', NULL, NULL, NULL, NULL, NULL);
INSERT INTO t_slot VALUES (0, 'urn:x-ogc:specification:csw-ebrim:ObjectType:EO:EOProduct:Definition', 'urn:ogc:def:ebRIM-Slot:OGC-06-131:incidenceAngleVariation', 'string', 'rim', '', NULL, NULL, NULL, NULL, NULL);
INSERT INTO t_slot VALUES (0, 'urn:x-ogc:specification:csw-ebrim:ObjectType:EO:EOProduct:Definition', 'urn:ogc:def:ebRIM-Slot:OGC-06-131:lastOrbitNumber', 'int', 'rim', '', NULL, NULL, NULL, NULL, NULL);
INSERT INTO t_slot VALUES (0, 'urn:x-ogc:specification:csw-ebrim:ObjectType:EO:EOProduct:Definition', 'urn:ogc:def:ebRIM-Slot:OGC-06-131:maximumIncidenceAngle', 'double', 'rim', '', NULL, NULL, NULL, NULL, NULL);
INSERT INTO t_slot VALUES (0, 'urn:x-ogc:specification:csw-ebrim:ObjectType:EO:EOProduct:Definition', 'urn:ogc:def:ebRIM-Slot:OGC-06-131:minimumIncidenceAngle', 'double', 'rim', '', NULL, NULL, NULL, NULL, NULL);
INSERT INTO t_slot VALUES (0, 'urn:x-ogc:specification:csw-ebrim:ObjectType:EO:EOProduct:Definition', 'urn:ogc:def:ebRIM-Slot:OGC-06-131:orbitDirection', 'string', 'rim', '', NULL, NULL, NULL, NULL, NULL);
INSERT INTO t_slot VALUES (0, 'urn:x-ogc:specification:csw-ebrim:ObjectType:EO:EOProduct:Definition', 'urn:ogc:def:ebRIM-Slot:OGC-06-131:orbitNumber', 'int', 'rim', '', NULL, NULL, NULL, NULL, NULL);
INSERT INTO t_slot VALUES (0, 'urn:x-ogc:specification:csw-ebrim:ObjectType:EO:EOProduct:Definition', 'urn:ogc:def:ebRIM-Slot:OGC-06-131:parentIdentifier', 'string', 'rim', '', NULL, NULL, NULL, NULL, NULL);
INSERT INTO t_slot VALUES (0, 'urn:x-ogc:specification:csw-ebrim:ObjectType:EO:EOProduct:Definition', 'urn:ogc:def:ebRIM-Slot:OGC-06-131:pitch', 'int', 'rim', '', NULL, NULL, NULL, NULL, NULL);
INSERT INTO t_slot VALUES (0, 'urn:x-ogc:specification:csw-ebrim:ObjectType:EO:EOProduct:Definition', 'urn:ogc:def:ebRIM-Slot:OGC-06-131:polarisationChannels', 'string', 'rim', '', NULL, NULL, NULL, NULL, NULL);
INSERT INTO t_slot VALUES (0, 'urn:x-ogc:specification:csw-ebrim:ObjectType:EO:EOProduct:Definition', 'urn:ogc:def:ebRIM-Slot:OGC-06-131:polarisationMode', 'string', 'rim', '', NULL, NULL, NULL, NULL, NULL);
INSERT INTO t_slot VALUES (0, 'urn:x-ogc:specification:csw-ebrim:ObjectType:EO:EOProduct:Definition', 'urn:ogc:def:ebRIM-Slot:OGC-06-131:productType', 'string', 'rim', '', NULL, NULL, NULL, NULL, NULL);
INSERT INTO t_slot VALUES (0, 'urn:x-ogc:specification:csw-ebrim:ObjectType:EO:EOProduct:Definition', 'urn:ogc:def:ebRIM-Slot:OGC-06-131:roll', 'int', 'rim', '', NULL, NULL, NULL, NULL, NULL);
INSERT INTO t_slot VALUES (0, 'urn:x-ogc:specification:csw-ebrim:ObjectType:EO:EOProduct:Definition', 'urn:ogc:def:ebRIM-Slot:OGC-06-131:snowCoverPercentage', 'double', 'rim', '', NULL, NULL, NULL, NULL, NULL);
INSERT INTO t_slot VALUES (0, 'urn:x-ogc:specification:csw-ebrim:ObjectType:EO:EOProduct:Definition', 'urn:ogc:def:ebRIM-Slot:OGC-06-131:status', 'string', 'rim', '', NULL, NULL, NULL, NULL, NULL);
INSERT INTO t_slot VALUES (0, 'urn:x-ogc:specification:csw-ebrim:ObjectType:EO:EOProduct:Definition', 'urn:ogc:def:ebRIM-Slot:OGC-06-131:swathId', 'string', 'rim', '', NULL, NULL, NULL, NULL, NULL);
INSERT INTO t_slot VALUES (0, 'urn:x-ogc:specification:csw-ebrim:ObjectType:EO:EOProduct:Definition', 'urn:ogc:def:ebRIM-Slot:OGC-06-131:vendorSpecificAttributes', 'string', 'rim', '', NULL, NULL, NULL, NULL, NULL);
INSERT INTO t_slot VALUES (0, 'urn:x-ogc:specification:csw-ebrim:ObjectType:EO:EOProduct:Definition', 'urn:ogc:def:ebRIM-Slot:OGC-06-131:vendorSpecificValues', 'string', 'rim', '', NULL, NULL, NULL, NULL, NULL);
INSERT INTO t_slot VALUES (0, 'urn:x-ogc:specification:csw-ebrim:ObjectType:EO:EOProduct:Definition', 'urn:ogc:def:ebRIM-Slot:OGC-06-131:yaw', 'int', 'rim', '', NULL, NULL, NULL, NULL, NULL);
INSERT INTO t_slot VALUES (0, 'urn:x-ogc:specification:csw-ebrim:ObjectType:EO:EOAcquisitionPlatform:Definition', 'urn:ogc:def:ebRIM-Slot:OGC-06-131:instrumentShortName', 'string', 'rim', '', NULL, NULL, NULL, NULL, NULL);
INSERT INTO t_slot VALUES (0, 'urn:x-ogc:specification:csw-ebrim:ObjectType:EO:EOAcquisitionPlatform:Definition', 'urn:ogc:def:ebRIM-Slot:OGC-06-131:platformOrbitType', 'string', 'rim', '', NULL, NULL, NULL, NULL, NULL);
INSERT INTO t_slot VALUES (0, 'urn:x-ogc:specification:csw-ebrim:ObjectType:EO:EOAcquisitionPlatform:Definition', 'urn:ogc:def:ebRIM-Slot:OGC-06-131:platformSerialIdentifier', 'string', 'rim', '', NULL, NULL, NULL, NULL, NULL);
INSERT INTO t_slot VALUES (0, 'urn:x-ogc:specification:csw-ebrim:ObjectType:EO:EOAcquisitionPlatform:Definition', 'urn:ogc:def:ebRIM-Slot:OGC-06-131:sensorOperationalMode', 'string', 'rim', '', NULL, NULL, NULL, NULL, NULL);
INSERT INTO t_slot VALUES (0, 'urn:x-ogc:specification:csw-ebrim:ObjectType:EO:EOAcquisitionPlatform:Definition', 'urn:ogc:def:ebRIM-Slot:OGC-06-131:sensorResolution', 'double', 'rim', '', NULL, NULL, NULL, NULL, NULL);
INSERT INTO t_slot VALUES (0, 'urn:x-ogc:specification:csw-ebrim:ObjectType:EO:EOAcquisitionPlatform:Definition', 'urn:ogc:def:ebRIM-Slot:OGC-06-131:sensorType', 'string', 'rim', '', NULL, NULL, NULL, NULL, NULL);
INSERT INTO t_slot VALUES (0, 'urn:x-ogc:specification:csw-ebrim:ObjectType:EO:EOAcquisitionPlatform:Definition', 'urn:ogc:def:ebRIM-Slot:OGC-06-131:swathIdentifier', 'string', 'rim', '', NULL, NULL, NULL, NULL, NULL);
INSERT INTO t_slot VALUES (0, 'urn:x-ogc:specification:csw-ebrim:ObjectType:EO:EOProductInformation:Definition', 'urn:ogc:def:ebRIM-Slot:OGC-06-131:fileName', 'string', 'rim', '', NULL, NULL, NULL, NULL, NULL);
INSERT INTO t_slot VALUES (0, 'urn:x-ogc:specification:csw-ebrim:ObjectType:EO:EOProductInformation:Definition', 'urn:ogc:def:ebRIM-Slot:OGC-06-131:referenceSystemIdentifier', 'string', 'rim', '', NULL, NULL, NULL, NULL, NULL);
INSERT INTO t_slot VALUES (0, 'urn:x-ogc:specification:csw-ebrim:ObjectType:EO:EOProductInformation:Definition', 'urn:ogc:def:ebRIM-Slot:OGC-06-131:size', 'int', 'rim', '', NULL, NULL, NULL, NULL, NULL);
INSERT INTO t_slot VALUES (0, 'urn:x-ogc:specification:csw-ebrim:ObjectType:EO:EOProductInformation:Definition', 'urn:ogc:def:ebRIM-Slot:OGC-06-131:version', 'string', 'rim', '', NULL, NULL, NULL, NULL, NULL);
INSERT INTO t_slot VALUES (0, 'urn:x-ogc:specification:csw-ebrim:ObjectType:EO:EOBrowseInformation:Definition', 'urn:ogc:def:ebRIM-Slot:OGC-06-131:fileName', 'string', 'rim', '', NULL, NULL, NULL, NULL, NULL);
INSERT INTO t_slot VALUES (0, 'urn:x-ogc:specification:csw-ebrim:ObjectType:EO:EOBrowseInformation:Definition', 'urn:ogc:def:ebRIM-Slot:OGC-06-131:referenceSystemIdentifier', 'string', 'rim', '', NULL, NULL, NULL, NULL, NULL);
INSERT INTO t_slot VALUES (0, 'urn:x-ogc:specification:csw-ebrim:ObjectType:EO:EOBrowseInformation:Definition', 'urn:ogc:def:ebRIM-Slot:OGC-06-131:subType', 'string', 'rim', '', NULL, NULL, NULL, NULL, NULL);
INSERT INTO t_slot VALUES (0, 'urn:x-ogc:specification:csw-ebrim:ObjectType:EO:EOMaskInformation:Definition', 'urn:ogc:def:ebRIM-Slot:OGC-06-131:fileName', 'string', 'rim', '', NULL, NULL, NULL, NULL, NULL);
INSERT INTO t_slot VALUES (0, 'urn:x-ogc:specification:csw-ebrim:ObjectType:EO:EOMaskInformation:Definition', 'urn:ogc:def:ebRIM-Slot:OGC-06-131:referenceSystemIdentifier', 'string', 'rim', '', NULL, NULL, NULL, NULL, NULL);
INSERT INTO t_slot VALUES (0, 'urn:x-ogc:specification:csw-ebrim:ObjectType:EO:EOMaskInformation:Definition', 'urn:ogc:def:ebRIM-Slot:OGC-06-131:format', 'string', 'rim', '', NULL, NULL, NULL, NULL, NULL);
INSERT INTO t_slot VALUES (0, 'urn:x-ogc:specification:csw-ebrim:ObjectType:EO:EOArchivingInformation:Definition', 'urn:ogc:def:ebRIM-Slot:OGC-06-131:archivingDate', 'datetime', 'rim', '', NULL, NULL, NULL, NULL, NULL);
INSERT INTO t_slot VALUES (0, 'urn:x-ogc:specification:csw-ebrim:ObjectType:EO:EOArchivingInformation:Definition', 'urn:ogc:def:ebRIM-Slot:OGC-06-131:archivingIdentifier', 'string', 'rim', '', NULL, NULL, NULL, NULL, NULL);
INSERT INTO t_slot VALUES (0, 'urn:x-ogc:specification:csw-ebrim:ObjectType:EO:EODataLayer:Definition', 'urn:ogc:def:ebRIM-Slot:OGC-06-131:algorithmName', 'string', 'rim', '', NULL, NULL, NULL, NULL, NULL);
INSERT INTO t_slot VALUES (0, 'urn:x-ogc:specification:csw-ebrim:ObjectType:EO:EODataLayer:Definition', 'urn:ogc:def:ebRIM-Slot:OGC-06-131:algorithmVersion', 'string', 'rim', '', NULL, NULL, NULL, NULL, NULL);
INSERT INTO t_slot VALUES (0, 'urn:x-ogc:specification:csw-ebrim:ObjectType:EO:EODataLayer:Definition', 'urn:ogc:def:ebRIM-Slot:OGC-06-131:highestLocation', 'double', 'rim', '', NULL, NULL, NULL, NULL, NULL);
INSERT INTO t_slot VALUES (0, 'urn:x-ogc:specification:csw-ebrim:ObjectType:EO:EODataLayer:Definition', 'urn:ogc:def:ebRIM-Slot:OGC-06-131:lowestLocation', 'double', 'rim', '', NULL, NULL, NULL, NULL, NULL);
INSERT INTO t_slot VALUES (0, 'urn:x-ogc:specification:csw-ebrim:ObjectType:EO:EODataLayer:Definition', 'urn:ogc:def:ebRIM-Slot:OGC-06-131:unit', 'string', 'rim', '', NULL, NULL, NULL, NULL, NULL);

